{
  "message": "Hey USER,\n\nWelcome to Harodl's dungeon, where we HODL the $PAIN together!\n\n$PAIN is the most painful memecoin in existence. The frogs have had their day, it\u2019s time for $PAIN to take reign.\n\nTwitter: LINK\nWebsite: LINK\nBuy $PAIN (Uniswap): LINK\nChart (DexTools): LINK\n\nPress RIGHT to prove that you're a human!",
  "time": 30,
  "on": true,
  "emoji_list": [
    "\ud83d\udc38",
    "\ud83d\udc3b",
    "\ud83d\udc36",
    "\ud83d\udc35",
    "\ud83d\udc68\u200d\ud83e\uddb3"
  ],
  "welcome_image": "AgACAgUAAxkBAAEf-ZlkQE2xHbkjrju49YzEqaQ__6ESBAACeLMxGx41AVa5fD8PLyhJXgEAAwIAA3kAAy8E",
  "links_image": "AgACAgUAAxkBAAEf-ZlkQE2xHbkjrju49YzEqaQ__6ESBAACeLMxGx41AVa5fD8PLyhJXgEAAwIAA3kAAy8E",
  "restricted": []
}